No.,URL
1,http://infonet-biovision.org/PlantHealth/Crops/African-Nightshade
2,http://infonet-biovision.org/PlantHealth/Crops/Amaranth
3,http://infonet-biovision.org/PlantHealth/Crops/Avocados
4,http://infonet-biovision.org/PlantHealth/Crops/Bananas
5,http://infonet-biovision.org/PlantHealth/Crops/Beans
6,http://infonet-biovision.org/PlantHealth/Crops/CabbageKale-Brassicas
7,http://infonet-biovision.org/PlantHealth/Crops/Carrot
8,http://infonet-biovision.org/PlantHealth/Crops/Cashew
9,http://infonet-biovision.org/PlantHealth/Crops/Cassava
10,http://infonet-biovision.org/PlantHealth/Crops/Citrus-plants
11,http://infonet-biovision.org/PlantHealth/Crops/Cocoa
12,http://infonet-biovision.org/PlantHealth/Crops/Coconut
13,http://infonet-biovision.org/PlantHealth/Crops/Coffee
14,http://infonet-biovision.org/PlantHealth/Crops/Cotton
15,http://infonet-biovision.org/PlantHealth/Crops/Cowpea
16,http://infonet-biovision.org/PlantHealth/Crops/Cucumber
17,http://infonet-biovision.org/PlantHealth/Crops/Eggplant
18,http://infonet-biovision.org/PlantHealth/Crops/Green-gram
19,http://infonet-biovision.org/PlantHealth/Crops/Groundnut
20,http://infonet-biovision.org/PlantHealth/Crops/Maize
21,http://infonet-biovision.org/PlantHealth/Crops/Maize-Seed-Production
22,http://infonet-biovision.org/PlantHealth/Crops/Mango
23,http://infonet-biovision.org/PlantHealth/Crops/Millet
24,http://infonet-biovision.org/PlantHealth/Crops/Mushrooms
25,http://infonet-biovision.org/PlantHealth/Crops/Okra
26,http://infonet-biovision.org/PlantHealth/Crops/Onion
27,http://infonet-biovision.org/PlantHealth/Crops/Papaya
28,http://infonet-biovision.org/PlantHealth/Crops/Passion-fruit
29,http://infonet-biovision.org/PlantHealth/Crops/Peas
30,http://infonet-biovision.org/PlantHealth/Crops/Peppers
31,http://infonet-biovision.org/PlantHealth/Crops/Pigeon-pea
32,http://infonet-biovision.org/PlantHealth/Crops/Pineapple
33,http://infonet-biovision.org/PlantHealth/Crops/Potato
34,http://infonet-biovision.org/PlantHealth/Crops/Potato-Seed-Production
35,http://infonet-biovision.org/PlantHealth/Crops/Pumpkin
36,http://infonet-biovision.org/PlantHealth/Crops/Rice
37,http://infonet-biovision.org/PlantHealth/Crops/Sesame
38,http://infonet-biovision.org/PlantHealth/Crops/Sorghum
39,http://infonet-biovision.org/PlantHealth/Crops/Soybean
40,http://infonet-biovision.org/PlantHealth/Crops/Spider-plant
41,http://infonet-biovision.org/PlantHealth/Crops/Spinach
42,http://infonet-biovision.org/PlantHealth/Crops/Sugarcane
43,http://infonet-biovision.org/PlantHealth/Crops/Sweet-potato
44,http://infonet-biovision.org/PlantHealth/Crops/Tea
45,http://infonet-biovision.org/PlantHealth/Crops/Teff
46,http://infonet-biovision.org/PlantHealth/Crops/Tomato
47,http://infonet-biovision.org/PlantHealth/Crops/Watermelon
48,http://infonet-biovision.org/PlantHealth/Crops/Wheat
49,http://infonet-biovision.org/PlantHealth/Crops/Yam
50,http://infonet-biovision.org/PlantHealth/Crops/ZucchiniCourgette
51,http://infonet-biovision.org/PlantHealth/Pests/African-armyworm
52,http://infonet-biovision.org/PlantHealth/Pests/African-bollworm
53,http://infonet-biovision.org/PlantHealth/Pests/African-cassava-mosaic-virus-ACMV
54,http://infonet-biovision.org/PlantHealth/Pests/African-maize-stalkborer
55,http://infonet-biovision.org/PlantHealth/Pests/Anthracnose
56,http://infonet-biovision.org/PlantHealth/Pests/Aphids
57,http://infonet-biovision.org/PlantHealth/Pests/Bacterial-wilt
58,http://infonet-biovision.org/PlantHealth/Pests/Bagrada-bug
59,http://infonet-biovision.org/PlantHealth/Pests/Banana-weevil
60,http://infonet-biovision.org/PlantHealth/Pests/Black-rot
61,http://infonet-biovision.org/PlantHealth/Pests/Broomrape
62,http://infonet-biovision.org/PlantHealth/Pests/Cabbage-looper
63,http://infonet-biovision.org/PlantHealth/Pests/Cabbage-moth
64,http://infonet-biovision.org/PlantHealth/Pests/Cabbage-webworm
65,http://infonet-biovision.org/PlantHealth/Pests/Couch-grass
66,http://infonet-biovision.org/PlantHealth/Pests/Cowpea-seed-beetle
67,http://infonet-biovision.org/PlantHealth/Pests/Cutworms
68,http://infonet-biovision.org/PlantHealth/Pests/Damping-diseases
69,http://infonet-biovision.org/PlantHealth/Pests/Diamondback-moth-DBM
70,http://infonet-biovision.org/PlantHealth/Pests/Dodder
71,http://infonet-biovision.org/PlantHealth/Pests/Downy-mildew
72,http://infonet-biovision.org/PlantHealth/Pests/Early-blight
73,http://infonet-biovision.org/PlantHealth/Pests/Fruit-flies
74,http://infonet-biovision.org/PlantHealth/Pests/Fusarium-wilt
75,http://infonet-biovision.org/PlantHealth/Pests/Larger-grain-borer-LGB
76,http://infonet-biovision.org/PlantHealth/Pests/Late-blight
77,http://infonet-biovision.org/PlantHealth/Pests/Leafmining-flies-Leafminers
78,http://infonet-biovision.org/PlantHealth/Pests/Mango-seed-weevil
79,http://infonet-biovision.org/PlantHealth/Pests/Mealybugs
80,http://infonet-biovision.org/PlantHealth/Pests/Powdery-mildew
81,http://infonet-biovision.org/PlantHealth/Pests/Purple-witchweed
82,http://infonet-biovision.org/PlantHealth/Pests/Root-knot-nematodes
83,http://infonet-biovision.org/PlantHealth/Pests/Sedges
84,http://infonet-biovision.org/PlantHealth/Pests/Snails-Giant-East-African-Snail
85,http://infonet-biovision.org/PlantHealth/Pests/Spider-mites
86,http://infonet-biovision.org/PlantHealth/Pests/Spotted-stemborer
87,http://infonet-biovision.org/PlantHealth/Pests/Storage-pests
88,http://infonet-biovision.org/PlantHealth/Pests/Sweet-potato-weevil
89,http://infonet-biovision.org/PlantHealth/Pests/Termites
90,http://infonet-biovision.org/PlantHealth/Pests/Thrips
91,http://infonet-biovision.org/PlantHealth/Pests/Tomato-Yellow-Leaf-Curl-Virus-Disease-TYLCV
92,http://infonet-biovision.org/PlantHealth/Pests/Turnip-Mosaic-Virus-TuMV
93,http://infonet-biovision.org/PlantHealth/Pests/Weeds
94,http://infonet-biovision.org/PlantHealth/Pests/Whiteflies
95,http://infonet-biovision.org/PlantHealth/MedicinalPlants/Artemisia
96,http://infonet-biovision.org/PlantHealth/MedicinalPlants/Mondia
97,http://infonet-biovision.org/PlantHealth/MedicinalPlants/Moringa
98,http://infonet-biovision.org/PlantHealth/MedicinalPlants/Neem
99,http://infonet-biovision.org/PlantHealth/MedicinalPlants/Ocimum-kilimandscharicum
100,http://infonet-biovision.org/PlantHealth/MedicinalPlants/Pelargonium
101,http://infonet-biovision.org/PlantHealth/MedicinalPlants/Prunus-africana
102,http://infonet-biovision.org/PlantHealth/MedicinalPlants/Sutherlandia
103,http://infonet-biovision.org/PlantHealth/MedicinalPlants/Tamarind
104,http://infonet-biovision.org/PlantHealth/Drying-fruit-and-vegetables
105,http://infonet-biovision.org/PlantHealth/Methods-tomato-preservation
106,http://infonet-biovision.org/PlantHealth/Vegetable-preserves
107,http://infonet-biovision.org/PlantHealth/Bio-fumigation
108,http://infonet-biovision.org/PlantHealth/Bio-pesticide-Bt-Bacillus-thuringiensis
109,http://infonet-biovision.org/PlantHealth/Biopesticides-Kenya
110,http://infonet-biovision.org/PlantHealth/Copper-fungicides-Kenya
111,http://infonet-biovision.org/PlantHealth/Flour-preparation
112,http://infonet-biovision.org/PlantHealth/Hot-water-treatment
113,http://infonet-biovision.org/PlantHealth/Natural-enemies
114,http://infonet-biovision.org/PlantHealth/Plant-extract-Garlic
115,http://infonet-biovision.org/PlantHealth/Plant-extract-Neem
116,http://infonet-biovision.org/PlantHealth/Plant-extract-Pyrethrum
117,http://infonet-biovision.org/PlantHealth/Plants-crop-protection-properties
118,http://infonet-biovision.org/PlantHealth/Soap-spray
119,http://infonet-biovision.org/PlantHealth/Solarisation
120,http://infonet-biovision.org/PlantHealth/Sulphur-pesticides-Kenya
121,http://infonet-biovision.org/PlantHealth/Traps-and-Bagging
122,http://infonet-biovision.org/PlantHealth/Composting
123,http://infonet-biovision.org/PlantHealth/Conservation-tillage-systems
124,http://infonet-biovision.org/PlantHealth/Crop-rotation
125,http://infonet-biovision.org/PlantHealth/Field-sanitation
126,http://infonet-biovision.org/PlantHealth/Green-Manure-Cover-Crop-Legumes
127,http://infonet-biovision.org/PlantHealth/Intercropping-and-Push-Pull
128,http://infonet-biovision.org/PlantHealth/Introduction-organic-plant-nutrition
129,http://infonet-biovision.org/PlantHealth/Mulching
130,http://infonet-biovision.org/PlantHealth/Weed-management
